{
  "NDVI baseline (M6)": {
    "roc_auc": 0.8148238848873187,
    "pr_auc": 0.3116857461361538,
    "best_threshold": -0.1066536009311676,
    "precision": 0.3475336322869955,
    "recall": 0.39948453608247425,
    "f1": 0.37170263788968827
  },
  "Clay distance (M8)": {
    "roc_auc": 0.885634420315367,
    "pr_auc": 0.24645149154910923,
    "best_threshold": 0.450653076171875,
    "precision": 0.30337078651685395,
    "recall": 0.8350515463917526,
    "f1": 0.4450549450549451
  },
  "Clay + GRU (M7)": {
    "roc_auc": 0.89064745705848,
    "pr_auc": 0.24209666970503965,
    "best_threshold": 0.0017576445825397968,
    "precision": 0.31794871794871793,
    "recall": 0.9587628865979382,
    "f1": 0.47753530166880614
  },
  "meta": {
    "n_total": 5366,
    "n_positives": 388,
    "prevalence": 0.07230711889675737
  }
}